{
    "apple": {
        "name": "apple",
        "price": 0.25,
        "description": "a red fruit",
        "quantity": 0
    },
    "banana": {
        "name": "banana",
        "price": 0.25,
        "description": "banannananananannana",
        "quantity": 5
    },
    "orange": {
        "name": "orange",
        "price": 0.25,
        "description": "orange you glad this isn't an apple?",
        "quantity": 5
    },
    "pear": {
        "name": "pear",
        "price": 0.25,
        "description": "peary the platypus?",
        "quantity": 5
    },
    "strawberry": {
        "name": "strawberry",
        "price": 0.25,
        "description": "berry cool",
        "quantity": 5
    },
    "watermelon": {
        "name": "watermelon",
        "price": 0.25,
        "description": "what are melons?",
        "quantity": 5
    },
    "pineapple": {
        "name": "pineapple",
        "price": 0.25,
        "description": "bad fruit",
        "quantity": 5
    },
    "mango": {
        "name": "mango",
        "price": 0.25,
        "description": "wax",
        "quantity": 5
    }
}
